{
  "league": "african_cup_of_nations",
  "rows": 1185,
  "auc": 0.7799151343705799,
  "accuracy": 0.8818565400843882,
  "brier": 0.10406076593322401,
  "cv_auc": 0.8025536343259686
}