{
  "league": "1_bundesliga",
  "rows": 8863,
  "auc": 0.7453187363070142,
  "accuracy": 0.8973491257755217,
  "brier": 0.08541758903561271,
  "cv_auc": 0.7582293823819252
}