{
  "league": "womens_world_cup",
  "rows": 3221,
  "auc": 0.7686583850931678,
  "accuracy": 0.8852713178294573,
  "brier": 0.08478400306467608,
  "cv_auc": 0.7522150374416142
}