{
  "league": "indian_super_league",
  "rows": 3095,
  "auc": 0.795846764195388,
  "accuracy": 0.8836833602584814,
  "brier": 0.08998847932428186,
  "cv_auc": 0.694540268319503
}