{
  "league": "premier_league",
  "rows": 10639,
  "auc": 0.7418699813906625,
  "accuracy": 0.9102443609022557,
  "brier": 0.07633537225109574,
  "cv_auc": 0.7478458461427779
}