{
  "league": "copa_america",
  "rows": 564,
  "auc": 0.818627450980392,
  "accuracy": 0.9026548672566371,
  "brier": 0.07751209606283926,
  "cv_auc": 0.7355290201946287
}