{
  "league": "major_league_soccer",
  "rows": 146,
  "auc": 0.7283950617283951,
  "accuracy": 0.9,
  "brier": 0.08687615216675698,
  "cv_auc": 0.7517255892255892
}