{
  "league": "fifa_world_cup",
  "rows": 4506,
  "auc": 0.8093079800498754,
  "accuracy": 0.9046563192904656,
  "brier": 0.07781188837666063,
  "cv_auc": 0.7817579096165247
}