{
  "league": "uefa_womens_euro",
  "rows": 1549,
  "auc": 0.7516683076249863,
  "accuracy": 0.9,
  "brier": 0.08362451173284054,
  "cv_auc": 0.7413168798414699
}