{
  "league": "champions_league",
  "rows": 94,
  "auc": 0.4444444444444444,
  "accuracy": 0.8947368421052632,
  "brier": 0.10168752195259778,
  "cv_auc": 0.6006431308155447
}