{
  "league": "ligue_1",
  "rows": 10355,
  "auc": 0.745321022379846,
  "accuracy": 0.8966682761950748,
  "brier": 0.08628200925268528,
  "cv_auc": 0.753101579132002
}