{
  "league": "uefa_euro",
  "rows": 2329,
  "auc": 0.8077959206113585,
  "accuracy": 0.9055793991416309,
  "brier": 0.0741417850733319,
  "cv_auc": 0.7381171124527658
}