{
  "league": "serie_a",
  "rows": 10208,
  "auc": 0.767154820761924,
  "accuracy": 0.9133202742409402,
  "brier": 0.07511512404872894,
  "cv_auc": 0.7818679188640817
}