{
  "league": "la_liga",
  "rows": 21451,
  "auc": 0.7641691618175998,
  "accuracy": 0.8771848054066651,
  "brier": 0.09991702795055118,
  "cv_auc": 0.7606753204357964
}