{
  "league": "nwsl",
  "rows": 1041,
  "auc": 0.6964285714285715,
  "accuracy": 0.937799043062201,
  "brier": 0.058377385177742436,
  "cv_auc": 0.7261323059575268
}