{
  "league": "fa_womens_super_league",
  "rows": 8641,
  "auc": 0.718988258852502,
  "accuracy": 0.8796992481203008,
  "brier": 0.09803734324437603,
  "cv_auc": 0.7408261483502718
}